"RS_Number","Coord","Alleles","MAF","Distance","Dprime","R2","Correlated_Alleles","FORGEdb","RegulomeDB","Function","Coord_hg19"
"rs60261102","chr2:127094445","(G/A)","0.0139","0","1","1","G=G,A=A","NA","4","NA","chr2:127852021"
"rs190911067","chr2:127081976","(C/G)","0.0119","-12469","1","0.8554","G=C,A=G","8",".","NA","chr2:127839552"
"rs567262997","chr2:127074997","(G/A)","0.0119","-19448","1","0.8554","G=G,A=A","NA",".","NA","chr2:127832573"
"rs60004446","chr2:127135234","(C/T)","0.3797","0","1","1","C=C,T=T","NA","2a","NA","chr2:127892810"
"rs4663105","chr2:127133851","(A/C)","0.4046","-1383","0.9956","0.8931","C=A,T=C","8","4","NA","chr2:127891427"
"rs60294603","chr2:127130409","(C/A)","0.1233","0","1","1","C=C,A=A","NA","3a","NA","chr2:127887985"
"rs1052006949","chr2:127130739","(-/AGATAGATAG)","0.1233","330","1","1","C=-,A=AGATAGATAG","NA",".","NA","chr2:127888315"
"rs115693683","chr2:127130757","(T/C)","0.1233","348","1","1","C=T,A=C","NA","2b","NA","chr2:127888333"
"rs11689287","chr2:127130761","(T/C)","0.1233","352","1","1","C=T,A=C","NA","2b","NA","chr2:127888337"
"rs13004848","chr2:127129984","(T/C)","0.1233","-425","1","1","C=T,A=C","6","1f","NA","chr2:127887560"
"rs13009551","chr2:127131542","(C/T)","0.1233","1133","1","1","C=C,A=T","6","5","NA","chr2:127889118"
"rs184597424","chr2:127131548","(G/-)","0.1233","1139","1","1","C=G,A=-","2",".","NA","chr2:127889124"
"rs59555178","chr2:127132356","(G/A)","0.1252","1947","0.9908","0.9639","C=G,A=A","NA","1f","NA","chr2:127889932"
"rs6720234","chr2:127124439","(T/A)","0.1332","-5970","1","0.9149","C=T,A=A","8","5","NA","chr2:127882015"
"rs34212842","chr2:127123643","(GT/-)","0.1332","-6766","1","0.9149","C=GT,A=-","8","5","NA","chr2:127881219"
"rs768037190","chr2:127123642","(-/AC)","0.1332","-6767","1","0.9149","C=-,A=AC","NA",".","NA","chr2:127881218"
"rs372089992","chr2:127120481","(A/G)","0.1332","-9928","1","0.9149","C=A,A=G","NA","7","NA","chr2:127878057"
"rs71414739","chr2:127118906","(T/A)","0.1322","-11503","0.9907","0.9057","C=T,A=A","NA","6","NA","chr2:127876482"
"rs71414738","chr2:127118666","(C/T)","0.1332","-11743","0.9907","0.8979","C=C,A=T","6","5","NA","chr2:127876242"
"rs34745987","chr2:127117808","(C/T)","0.1332","-12601","0.9907","0.8979","C=C,A=T","8","5","NA","chr2:127875384"
"rs12994284","chr2:127116444","(T/C)","0.1332","-13965","0.9907","0.8979","C=T,A=C","6","3a","NA","chr2:127874020"
"rs12994718","chr2:127116650","(T/A)","0.1322","-13759","0.9814","0.8888","C=T,A=A","6","5","NA","chr2:127874226"
"rs7557280","chr2:127115585","(T/A)","0.1322","-14824","0.9814","0.8888","C=T,A=A","8","4","NA","chr2:127873161"
"rs34555108","chr2:127115370","(G/A)","0.1322","-15039","0.9814","0.8888","C=G,A=A","6","3a","NA","chr2:127872946"
"rs57174253","chr2:127115046","(A/G)","0.1322","-15363","0.9814","0.8888","C=A,A=G","NA","5","NA","chr2:127872622"
"rs36085158","chr2:127112406","(C/T)","0.1322","-18003","0.9814","0.8888","C=C,A=T","6","3a","NA","chr2:127869982"
"rs35860453","chr2:127108471","(C/T)","0.1322","-21938","0.9814","0.8888","C=C,A=T","7","5","NA","chr2:127866047"
"rs78710909","chr2:127107346","(G/C)","0.1322","-23063","0.9814","0.8888","C=G,A=C","10","2b","NA","chr2:127864922"
"rs76516995","chr2:127107345","(C/G)","0.1322","-23064","0.9814","0.8888","C=C,A=G","10","2b","NA","chr2:127864921"
"rs35832505","chr2:127088929","(T/C)","0.1352","-41480","0.9907","0.8827","C=T,A=C","8","2b","NA","chr2:127846505"
"rs988232310","chr2:127088380","(-/GGA)","0.1352","-42029","0.9907","0.8827","C=-,A=GGA","NA",".","NA","chr2:127845956"
"rs34854727","chr2:127097816","(C/T)","0.1342","-32593","0.9814","0.8736","C=C,A=T","10","5","NA","chr2:127855392"
"rs28434131","chr2:127092716","(A/G)","0.1342","-37693","0.9814","0.8736","C=A,A=G","8","5","NA","chr2:127850292"
"rs873270","chr2:127101842","(T/C)","0.1352","-28567","0.9813","0.8661","C=T,A=C","7","5","NA","chr2:127859418"
"rs1201565276","chr2:127116753","(-/T)","0.1382","-13656","0.9906","0.8606","C=-,A=T","NA",".","NA","chr2:127874329"
"rs7583814","chr2:127105453","(C/T)","0.1392","-24956","0.9813","0.8374","C=C,A=T","9","4","NA","chr2:127863029"
"rs4663097","chr2:127104330","(G/C)","0.1392","-26079","0.9813","0.8374","C=G,A=C","10","1b","NA","chr2:127861906"
"rs4663096","chr2:127104190","(T/A)","0.1392","-26219","0.9813","0.8374","C=T,A=A","10","5","NA","chr2:127861766"
"rs59255405","chr2:127137039","(A/G)","0.2724","0","1","1","A=A,G=G","NA","5","NA","chr2:127894615"
"rs730482","chr2:127136908","(A/T)","0.2724","-131","1","1","A=A,G=T","8","5","NA","chr2:127894484"
"rs1553496463","chr2:127133887","(-/GGG)","0.2664","-3152","0.9846","0.9405","A=-,G=GGG","NA",".","NA","chr2:127891463"
"rs59785638","chr2:127132061","(G/A)","0.3171","0","1","1","G=G,A=A","NA","5","NA","chr2:127889637"
"rs11680911","chr2:127131181","(A/C)","0.3171","-880","1","1","G=A,A=C","7","2b","NA","chr2:127888757"
"rs35114168","chr2:127090354","(G/A)","0.3211","-41707","0.9446","0.8761","G=G,A=A","10","3a","NA","chr2:127847930"
"rs4663105","chr2:127133851","(A/C)","0.4046","0","1","1","A=A,C=C","8","4","NA","chr2:127891427"
"rs60004446","chr2:127135234","(C/T)","0.3797","1383","0.9956","0.8931","A=C,C=T","NA","2a","NA","chr2:127892810"
"rs57740982","chr2:127068957","(A/G)","0.2913","0","1","1","A=A,G=G","NA","4","synonymous","chr2:127826533"
